<?xml version="1.0" encoding="UTF-8"?>

<!--
Luxembourg SUMO Traffic (LuST) Scenario
This project is licensed under the terms of the MIT license.
Author: Lara CODECA [codeca@gmail.com]
-->

<additional>
  <tlLogics version="0.25" xmlns:xsi="http://www.w3.org/2001/XMLSchema-instance" xsi:noNamespaceSchemaLocation="http://sumo.dlr.de/xsd/tllogic_file.xsd">
    <tlLogic id="-10130" type="static" programID="1" offset="0">
        <phase duration="31" state="GGGGgrrrGGGGgrrr"/>
        <phase duration="4" state="yyyygrrryyyygrrr"/>
        <phase duration="6" state="rrrrGrrrrrrrGrrr"/>
        <phase duration="4" state="rrrryrrrrrrryrrr"/>
        <phase duration="31" state="rrrrrGGgrrrrrGGg"/>
        <phase duration="4" state="rrrrryygrrrrryyg"/>
        <phase duration="6" state="rrrrrrrGrrrrrrrG"/>
        <phase duration="4" state="rrrrrrryrrrrrrry"/>
    </tlLogic>
    <tlLogic id="-10156" type="static" programID="1" offset="0">
        <phase duration="31" state="GGgrrGGG"/>
        <phase duration="6" state="yygrryyy"/>
        <phase duration="6" state="rrGrrrrr"/>
        <phase duration="6" state="rryrrrrr"/>
        <phase duration="31" state="rrrGGGrr"/>
        <phase duration="6" state="rrryyyrr"/>
    </tlLogic>
    <tlLogic id="-10160" type="static" programID="1" offset="0">
        <phase duration="31" state="GGGggrrrGGGG"/>
        <phase duration="4" state="yyyggrrryyyy"/>
        <phase duration="6" state="rrrGGrrrrrrr"/>
        <phase duration="4" state="rrryyrrrrrrr"/>
        <phase duration="31" state="rrrrrGGGGrrr"/>
        <phase duration="4" state="rrrrryyyyrrr"/>
    </tlLogic>
    <tlLogic id="-10258" type="static" programID="1" offset="0">
        <phase duration="31" state="rrrGGGgrrrGGGg"/>
        <phase duration="4" state="rrryyygrrryyyg"/>
        <phase duration="6" state="rrrrrrGrrrrrrG"/>
        <phase duration="4" state="rrrrrryrrrrrry"/>
        <phase duration="31" state="GGgrrrrGGgrrrr"/>
        <phase duration="4" state="yygrrrryygrrrr"/>
        <phase duration="6" state="rrGrrrrrrGrrrr"/>
        <phase duration="4" state="rryrrrrrryrrrr"/>
    </tlLogic>
    <tlLogic id="-10438" type="static" programID="1" offset="0">
        <phase duration="31" state="GGGGrrrrGGGg"/>
        <phase duration="4" state="yyyyrrrryyyg"/>
        <phase duration="6" state="rrrrrrrrrrrG"/>
        <phase duration="4" state="rrrrrrrrrrry"/>
        <phase duration="31" state="rrrrGGGGrrrr"/>
        <phase duration="4" state="rrrryyyyrrrr"/>
    </tlLogic>
    <tlLogic id="-10518" type="static" programID="1" offset="0">
        <phase duration="31" state="GGGgrrrGGGG"/>
        <phase duration="4" state="yyygrrryyyy"/>
        <phase duration="6" state="rrrGrrrrrrr"/>
        <phase duration="4" state="rrryrrrrrrr"/>
        <phase duration="31" state="rrrrGGGGrrr"/>
        <phase duration="4" state="rrrryyyyrrr"/>
    </tlLogic>
    <tlLogic id="-10588" type="static" programID="1" offset="0">
        <phase duration="31" state="rrrrrrGGgrrrGGgg"/>
        <phase duration="4" state="rrrrrryygrrryygg"/>
        <phase duration="6" state="rrrrrrrrGrrrrrGG"/>
        <phase duration="4" state="rrrrrrrryrrrrryy"/>
        <phase duration="31" state="rrrGGgrrrGGgrrrr"/>
        <phase duration="4" state="rrryygrrryygrrrr"/>
        <phase duration="6" state="rrrrrGrrrrrGrrrr"/>
        <phase duration="4" state="rrrrryrrrrryrrrr"/>
        <phase duration="31" state="GGGGrrrrrrrrrrrr"/>
        <phase duration="4" state="yyyyrrrrrrrrrrrr"/>
    </tlLogic>
    <tlLogic id="-10780" type="static" programID="1" offset="0">
        <phase duration="31" state="GGgrrGGG"/>
        <phase duration="6" state="yygrryyy"/>
        <phase duration="6" state="rrGrrrrr"/>
        <phase duration="6" state="rryrrrrr"/>
        <phase duration="31" state="rrrGGGrr"/>
        <phase duration="6" state="rrryyyrr"/>
    </tlLogic>
    <tlLogic id="-10820" type="static" programID="1" offset="0">
        <phase duration="31" state="GGGgrrrGGGG"/>
        <phase duration="4" state="yyygrrryyyy"/>
        <phase duration="6" state="rrrGrrrrrrr"/>
        <phase duration="4" state="rrryrrrrrrr"/>
        <phase duration="31" state="rrrrGGGGrrr"/>
        <phase duration="4" state="rrrryyyyrrr"/>
    </tlLogic>
    <tlLogic id="-1086" type="static" programID="1" offset="0">
        <phase duration="31" state="GGGgrrrGGGG"/>
        <phase duration="4" state="yyygrrryyyy"/>
        <phase duration="6" state="rrrGrrrrrrr"/>
        <phase duration="4" state="rrryrrrrrrr"/>
        <phase duration="31" state="rrrrGGGGrrr"/>
        <phase duration="4" state="rrrryyyyrrr"/>
    </tlLogic>
    <tlLogic id="-11042" type="static" programID="1" offset="0">
        <phase duration="31" state="GGGgrrrGGGgrrr"/>
        <phase duration="4" state="yyygrrryyygrrr"/>
        <phase duration="6" state="rrrGrrrrrrGrrr"/>
        <phase duration="4" state="rrryrrrrrryrrr"/>
        <phase duration="31" state="rrrrGGgrrrrGGg"/>
        <phase duration="4" state="rrrryygrrrryyg"/>
        <phase duration="6" state="rrrrrrGrrrrrrG"/>
        <phase duration="4" state="rrrrrryrrrrrry"/>
    </tlLogic>
    <tlLogic id="-11144" type="static" programID="1" offset="0">
        <phase duration="31" state="rrrGGGGgrrrGGGGg"/>
        <phase duration="4" state="rrryyyygrrryyyyg"/>
        <phase duration="6" state="rrrrrrrGrrrrrrrG"/>
        <phase duration="4" state="rrrrrrryrrrrrrry"/>
        <phase duration="31" state="GGgrrrrrGGgrrrrr"/>
        <phase duration="4" state="yygrrrrryygrrrrr"/>
        <phase duration="6" state="rrGrrrrrrrGrrrrr"/>
        <phase duration="4" state="rryrrrrrrryrrrrr"/>
    </tlLogic>
    <tlLogic id="-11222" type="static" programID="1" offset="0">
        <phase duration="31" state="rrrGGGGgrrrGGGGg"/>
        <phase duration="4" state="rrryyyygrrryyyyg"/>
        <phase duration="6" state="rrrrrrrGrrrrrrrG"/>
        <phase duration="4" state="rrrrrrryrrrrrrry"/>
        <phase duration="31" state="GGgGrrrrGGgGrrrr"/>
        <phase duration="4" state="yygyrrrryygyrrrr"/>
        <phase duration="6" state="rrGrrrrrrrGrrrrr"/>
        <phase duration="4" state="rryrrrrrrryrrrrr"/>
    </tlLogic>
    <tlLogic id="-11328" type="static" programID="1" offset="0">
        <phase duration="31" state="GGGgrrrGGGG"/>
        <phase duration="4" state="yyygrrryyyy"/>
        <phase duration="6" state="rrrGrrrrrrr"/>
        <phase duration="4" state="rrryrrrrrrr"/>
        <phase duration="31" state="rrrrGGGGrrr"/>
        <phase duration="4" state="rrrryyyyrrr"/>
    </tlLogic>
    <tlLogic id="-11514" type="static" programID="1" offset="0">
        <phase duration="31" state="rrGGGGGg"/>
        <phase duration="6" state="rryyyyyg"/>
        <phase duration="6" state="rrrrrrrG"/>
        <phase duration="6" state="rrrrrrry"/>
        <phase duration="31" state="GGGrrrrr"/>
        <phase duration="6" state="yyyrrrrr"/>
    </tlLogic>
    <tlLogic id="-11552" type="static" programID="1" offset="0">
        <phase duration="31" state="GGGGGgrrrGGGGGgrrr"/>
        <phase duration="4" state="yyyyygrrryyyyygrrr"/>
        <phase duration="6" state="rrrrrGrrrrrrrrGrrr"/>
        <phase duration="4" state="rrrrryrrrrrrrryrrr"/>
        <phase duration="31" state="rrrrrrGGgrrrrrrGGg"/>
        <phase duration="4" state="rrrrrryygrrrrrryyg"/>
        <phase duration="6" state="rrrrrrrrGrrrrrrrrG"/>
        <phase duration="4" state="rrrrrrrryrrrrrrrry"/>
    </tlLogic>
    <tlLogic id="-11632" type="static" programID="1" offset="0">
        <phase duration="31" state="GGGGgrrrGGGGgrrr"/>
        <phase duration="4" state="yyyygrrryyyygrrr"/>
        <phase duration="6" state="rrrrGrrrrrrrGrrr"/>
        <phase duration="4" state="rrrryrrrrrrryrrr"/>
        <phase duration="31" state="rrrrrGGgGrrrrGGg"/>
        <phase duration="4" state="rrrrryygyrrrryyg"/>
        <phase duration="6" state="rrrrrrrGrrrrrrrG"/>
        <phase duration="4" state="rrrrrrryrrrrrrry"/>
    </tlLogic>
    <tlLogic id="-11754" type="static" programID="1" offset="0">
        <phase duration="31" state="GGGgrrrGGGgrrr"/>
        <phase duration="6" state="yyygrrryyygrrr"/>
        <phase duration="6" state="rrrGrrrrrrGrrr"/>
        <phase duration="6" state="rrryrrrrrryrrr"/>
        <phase duration="31" state="rrrrGGgrrrrGGg"/>
        <phase duration="6" state="rrrryygrrrryyg"/>
        <phase duration="6" state="rrrrrrGrrrrrrG"/>
        <phase duration="6" state="rrrrrryrrrrrry"/>
    </tlLogic>
    <tlLogic id="-12" type="static" programID="1" offset="0">
        <phase duration="31" state="GGGGGGGgrrr"/>
        <phase duration="4" state="yyyyyyygrrr"/>
        <phase duration="6" state="rrrrrrrGrrr"/>
        <phase duration="4" state="rrrrrrryrrr"/>
        <phase duration="31" state="GrrrrrrrGGG"/>
        <phase duration="4" state="yrrrrrrryyy"/>
    </tlLogic>
    <tlLogic id="-12064" type="static" programID="1" offset="0">
        <phase duration="31" state="GGGggrrrGGGG"/>
        <phase duration="4" state="yyyggrrryyyy"/>
        <phase duration="6" state="rrrGGrrrrrrr"/>
        <phase duration="4" state="rrryyrrrrrrr"/>
        <phase duration="31" state="rrrrrGGGGrrr"/>
        <phase duration="4" state="rrrrryyyyrrr"/>
    </tlLogic>
    <tlLogic id="-12084" type="static" programID="1" offset="0">
        <phase duration="31" state="GGGgrrrGGGG"/>
        <phase duration="4" state="yyygrrryyyy"/>
        <phase duration="6" state="rrrGrrrrrrr"/>
        <phase duration="4" state="rrryrrrrrrr"/>
        <phase duration="31" state="rrrrGGGGrrr"/>
        <phase duration="4" state="rrrryyyyrrr"/>
    </tlLogic>
    <tlLogic id="-12112" type="static" programID="1" offset="0">
        <phase duration="31" state="GGGGGGGr"/>
        <phase duration="4" state="yyyyyyyr"/>
        <phase duration="31" state="rrrrGGGG"/>
        <phase duration="4" state="rrrryyyy"/>
    </tlLogic>
    <tlLogic id="-12408" type="static" programID="1" offset="0">
        <phase duration="31" state="rrrGGGGgrrrGGGGg"/>
        <phase duration="4" state="rrryyyygrrryyyyg"/>
        <phase duration="6" state="rrrrrrrGrrrrrrrG"/>
        <phase duration="4" state="rrrrrrryrrrrrrry"/>
        <phase duration="31" state="GGgGrrrrGGgGrrrr"/>
        <phase duration="4" state="yygyrrrryygyrrrr"/>
        <phase duration="6" state="rrGrrrrrrrGrrrrr"/>
        <phase duration="4" state="rryrrrrrrryrrrrr"/>
    </tlLogic>
    <tlLogic id="-12582" type="static" programID="1" offset="0">
        <phase duration="31" state="GGGgrrrGGGG"/>
        <phase duration="4" state="yyygrrryyyy"/>
        <phase duration="6" state="rrrGrrrrrrr"/>
        <phase duration="4" state="rrryrrrrrrr"/>
        <phase duration="31" state="rrrrGGGGrrr"/>
        <phase duration="4" state="rrrryyyyrrr"/>
    </tlLogic>
    <tlLogic id="-12678" type="static" programID="1" offset="0">
        <phase duration="31" state="GGGGGr"/>
        <phase duration="6" state="yyyyyr"/>
        <phase duration="31" state="rrrGGG"/>
        <phase duration="6" state="rrryyy"/>
    </tlLogic>
    <tlLogic id="-12800" type="static" programID="1" offset="0">
        <phase duration="31" state="GgGGGrrr"/>
        <phase duration="6" state="ygyyyrrr"/>
        <phase duration="6" state="rGrrrrrr"/>
        <phase duration="6" state="ryrrrrrr"/>
        <phase duration="31" state="GrrrrGGG"/>
        <phase duration="6" state="yrrrryyy"/>
    </tlLogic>
    <tlLogic id="-13232" type="static" programID="1" offset="0">
        <phase duration="31" state="GGgrrGGG"/>
        <phase duration="6" state="yygrryyy"/>
        <phase duration="6" state="rrGrrrrr"/>
        <phase duration="6" state="rryrrrrr"/>
        <phase duration="31" state="rrrGGGrr"/>
        <phase duration="6" state="rrryyyrr"/>
    </tlLogic>
    <tlLogic id="-1332" type="static" programID="1" offset="0">
        <phase duration="31" state="GgrrGGrrr"/>
        <phase duration="6" state="ygrryyrrr"/>
        <phase duration="6" state="rGrrrrrrr"/>
        <phase duration="6" state="ryrrrrrrr"/>
        <phase duration="31" state="rrggrrGGG"/>
        <phase duration="6" state="rrggrryyy"/>
        <phase duration="6" state="rrGGrrrrr"/>
        <phase duration="6" state="rryyrrrrr"/>
    </tlLogic>
    <tlLogic id="-13478" type="static" programID="1" offset="0">
        <phase duration="31" state="rrrGGgrrGGG"/>
        <phase duration="6" state="rrryygrryyy"/>
        <phase duration="6" state="rrrrrGrrrrr"/>
        <phase duration="6" state="rrrrryrrrrr"/>
        <phase duration="31" state="GGgrrrGgrrr"/>
        <phase duration="6" state="yygrrrygrrr"/>
        <phase duration="6" state="rrGrrrrGrrr"/>
        <phase duration="6" state="rryrrrryrrr"/>
    </tlLogic>
    <tlLogic id="-13602" type="static" programID="1" offset="0">
        <phase duration="31" state="rrrGGGGgrrrGGGGg"/>
        <phase duration="4" state="rrryyyygrrryyyyg"/>
        <phase duration="6" state="rrrrrrrGrrrrrrrG"/>
        <phase duration="4" state="rrrrrrryrrrrrrry"/>
        <phase duration="31" state="GGgrrrrrGGgrrrrr"/>
        <phase duration="4" state="yygrrrrryygrrrrr"/>
        <phase duration="6" state="rrGrrrrrrrGrrrrr"/>
        <phase duration="4" state="rryrrrrrrryrrrrr"/>
    </tlLogic>
    <tlLogic id="-13608" type="static" programID="1" offset="0">
        <phase duration="31" state="GGgrrGGG"/>
        <phase duration="4" state="yygrryyy"/>
        <phase duration="6" state="rrGrrrrr"/>
        <phase duration="4" state="rryrrrrr"/>
        <phase duration="31" state="rrrGGGrr"/>
        <phase duration="4" state="rrryyyrr"/>
    </tlLogic>
    <tlLogic id="-13628" type="static" programID="1" offset="0">
        <phase duration="31" state="rrrGGGGGGGg"/>
        <phase duration="4" state="rrryyyyyyyg"/>
        <phase duration="6" state="rrrrrrrrrrG"/>
        <phase duration="4" state="rrrrrrrrrry"/>
        <phase duration="31" state="GGGGrrrrrrr"/>
        <phase duration="4" state="yyyyrrrrrrr"/>
    </tlLogic>
    <tlLogic id="-13722" type="static" programID="1" offset="0">
        <phase duration="31" state="rrrGGGGGGg"/>
        <phase duration="4" state="rrryyyyyyg"/>
        <phase duration="6" state="rrrrrrrrrG"/>
        <phase duration="4" state="rrrrrrrrry"/>
        <phase duration="31" state="GGGGrrrrrr"/>
        <phase duration="4" state="yyyyrrrrrr"/>
    </tlLogic>
    <tlLogic id="-13968" type="static" programID="1" offset="0">
        <phase duration="31" state="rrrGGGgrrrGGGg"/>
        <phase duration="6" state="rrryyygrrryyyg"/>
        <phase duration="6" state="rrrrrrGrrrrrrG"/>
        <phase duration="6" state="rrrrrryrrrrrry"/>
        <phase duration="31" state="GGgrrrrGGgrrrr"/>
        <phase duration="6" state="yygrrrryygrrrr"/>
        <phase duration="6" state="rrGrrrrrrGrrrr"/>
        <phase duration="6" state="rryrrrrrryrrrr"/>
    </tlLogic>
    <tlLogic id="-14092" type="static" programID="1" offset="0">
        <phase duration="31" state="GGGGgrrrGGGGgrrr"/>
        <phase duration="4" state="yyyygrrryyyygrrr"/>
        <phase duration="6" state="rrrrGrrrrrrrGrrr"/>
        <phase duration="4" state="rrrryrrrrrrryrrr"/>
        <phase duration="31" state="rrrrrGGgrrrrrGGg"/>
        <phase duration="4" state="rrrrryygrrrrryyg"/>
        <phase duration="6" state="rrrrrrrGrrrrrrrG"/>
        <phase duration="4" state="rrrrrrryrrrrrrry"/>
    </tlLogic>
    <tlLogic id="-14148" type="static" programID="1" offset="0">
        <phase duration="31" state="GGGGGGGgrrr"/>
        <phase duration="4" state="yyyyyyygrrr"/>
        <phase duration="6" state="rrrrrrrGrrr"/>
        <phase duration="4" state="rrrrrrryrrr"/>
        <phase duration="31" state="GrrrrrrrGGG"/>
        <phase duration="4" state="yrrrrrrryyy"/>
    </tlLogic>
    <tlLogic id="-14384" type="static" programID="1" offset="0">
        <phase duration="31" state="GGGgrrrGGGgrrr"/>
        <phase duration="4" state="yyygrrryyygrrr"/>
        <phase duration="6" state="rrrGrrrrrrGrrr"/>
        <phase duration="4" state="rrryrrrrrryrrr"/>
        <phase duration="31" state="rrrrGGgrrrrGGg"/>
        <phase duration="4" state="rrrryygrrrryyg"/>
        <phase duration="6" state="rrrrrrGrrrrrrG"/>
        <phase duration="4" state="rrrrrryrrrrrry"/>
    </tlLogic>
    <tlLogic id="-1458" type="static" programID="1" offset="0">
        <phase duration="31" state="GGGgrrrGGGG"/>
        <phase duration="4" state="yyygrrryyyy"/>
        <phase duration="6" state="rrrGrrrrrrr"/>
        <phase duration="4" state="rrryrrrrrrr"/>
        <phase duration="31" state="rrrrGGGGrrr"/>
        <phase duration="4" state="rrrryyyyrrr"/>
    </tlLogic>
    <tlLogic id="-14718" type="static" programID="1" offset="0">
        <phase duration="31" state="GGGgrrrGGGG"/>
        <phase duration="4" state="yyygrrryyyy"/>
        <phase duration="6" state="rrrGrrrrrrr"/>
        <phase duration="4" state="rrryrrrrrrr"/>
        <phase duration="31" state="rrrrGGGGrrr"/>
        <phase duration="4" state="rrrryyyyrrr"/>
    </tlLogic>
    <tlLogic id="-14740" type="static" programID="1" offset="0">
        <phase duration="31" state="GGGGGgrr"/>
        <phase duration="6" state="yyyyygrr"/>
        <phase duration="6" state="rrrrrGrr"/>
        <phase duration="6" state="rrrrryrr"/>
        <phase duration="31" state="GrrrrrGG"/>
        <phase duration="6" state="yrrrrryy"/>
    </tlLogic>
    <tlLogic id="-14976" type="static" programID="1" offset="0">
        <phase duration="31" state="GGGgrrrGGGG"/>
        <phase duration="4" state="yyygrrryyyy"/>
        <phase duration="6" state="rrrGrrrrrrr"/>
        <phase duration="4" state="rrryrrrrrrr"/>
        <phase duration="31" state="rrrrGGGGrrr"/>
        <phase duration="4" state="rrrryyyyrrr"/>
    </tlLogic>
    <tlLogic id="-15010" type="static" programID="1" offset="0">
        <phase duration="31" state="GGGGGggrrr"/>
        <phase duration="4" state="yyyyyggrrr"/>
        <phase duration="6" state="rrrrrGGrrr"/>
        <phase duration="4" state="rrrrryyrrr"/>
        <phase duration="31" state="GrrrGrrGGG"/>
        <phase duration="4" state="yrrryrryyy"/>
    </tlLogic>
    <tlLogic id="-1536" type="static" programID="1" offset="0">
        <phase duration="31" state="GGGGGGGgrrr"/>
        <phase duration="4" state="yyyyyyygrrr"/>
        <phase duration="6" state="rrrrrrrGrrr"/>
        <phase duration="4" state="rrrrrrryrrr"/>
        <phase duration="31" state="GrrrrrrrGGG"/>
        <phase duration="4" state="yrrrrrrryyy"/>
    </tlLogic>
    <tlLogic id="-1542" type="static" programID="1" offset="0">
        <phase duration="31" state="GGGGGGgGrr"/>
        <phase duration="4" state="yyyyyyyyrr"/>
        <phase duration="31" state="GrrrrrrGGG"/>
        <phase duration="4" state="yrrrrrryyy"/>
    </tlLogic>
    <tlLogic id="-15812" type="static" programID="1" offset="0">
        <phase duration="31" state="GGGGGgrrrGGGGGgrrr"/>
        <phase duration="4" state="yyyyygrrryyyyygrrr"/>
        <phase duration="6" state="rrrrrGrrrrrrrrGrrr"/>
        <phase duration="4" state="rrrrryrrrrrrrryrrr"/>
        <phase duration="31" state="rrrrrrGGgrrrrrrGGg"/>
        <phase duration="4" state="rrrrrryygrrrrrryyg"/>
        <phase duration="6" state="rrrrrrrrGrrrrrrrrG"/>
        <phase duration="4" state="rrrrrrrryrrrrrrrry"/>
    </tlLogic>
    <tlLogic id="-15890" type="static" programID="1" offset="0">
        <phase duration="31" state="GGGGGGGggrrr"/>
        <phase duration="4" state="yyyyyyyggrrr"/>
        <phase duration="6" state="rrrrrrrGGrrr"/>
        <phase duration="4" state="rrrrrrryyrrr"/>
        <phase duration="31" state="GrrrrrrrrGGG"/>
        <phase duration="4" state="yrrrrrrrryyy"/>
    </tlLogic>
    <tlLogic id="-15912" type="static" programID="1" offset="0">
        <phase duration="31" state="GGGgrrrGGGgrrr"/>
        <phase duration="6" state="yyygrrryyygrrr"/>
        <phase duration="6" state="rrrGrrrrrrGrrr"/>
        <phase duration="6" state="rrryrrrrrryrrr"/>
        <phase duration="31" state="rrrrGGgrrrrGGg"/>
        <phase duration="6" state="rrrryygrrrryyg"/>
        <phase duration="6" state="rrrrrrGrrrrrrG"/>
        <phase duration="6" state="rrrrrryrrrrrry"/>
    </tlLogic>
    <tlLogic id="-15920" type="static" programID="1" offset="0">
        <phase duration="31" state="GGgrrrGGGgrrr"/>
        <phase duration="6" state="yygrrryyygrrr"/>
        <phase duration="6" state="rrGrrrrrrGrrr"/>
        <phase duration="6" state="rryrrrrrryrrr"/>
        <phase duration="31" state="rrrGGgrrrrGGg"/>
        <phase duration="6" state="rrryygrrrryyg"/>
        <phase duration="6" state="rrrrrGrrrrrrG"/>
        <phase duration="6" state="rrrrryrrrrrry"/>
    </tlLogic>
    <tlLogic id="-160" type="static" programID="1" offset="0">
        <phase duration="31" state="rrGGGGGg"/>
        <phase duration="6" state="rryyyyyg"/>
        <phase duration="6" state="rrrrrrrG"/>
        <phase duration="6" state="rrrrrrry"/>
        <phase duration="31" state="GGGrrrrr"/>
        <phase duration="6" state="yyyrrrrr"/>
    </tlLogic>
    <tlLogic id="-16078" type="static" programID="1" offset="0">
        <phase duration="31" state="rrrGGGGGGGg"/>
        <phase duration="4" state="rrryyyyyyyg"/>
        <phase duration="6" state="rrrrrrrrrrG"/>
        <phase duration="4" state="rrrrrrrrrry"/>
        <phase duration="31" state="GGGGrrrrrrr"/>
        <phase duration="4" state="yyyyrrrrrrr"/>
    </tlLogic>
    <tlLogic id="-16128" type="static" programID="1" offset="0">
        <phase duration="31" state="GGGGgrrrGGGGgrrr"/>
        <phase duration="4" state="yyyygrrryyyygrrr"/>
        <phase duration="6" state="rrrrGrrrrrrrGrrr"/>
        <phase duration="4" state="rrrryrrrrrrryrrr"/>
        <phase duration="31" state="rrrrrGGgrrrrrGGg"/>
        <phase duration="4" state="rrrrryygrrrrryyg"/>
        <phase duration="6" state="rrrrrrrGrrrrrrrG"/>
        <phase duration="4" state="rrrrrrryrrrrrrry"/>
    </tlLogic>
    <tlLogic id="-16136" type="static" programID="1" offset="0">
        <phase duration="31" state="GGGrrrGGG"/>
        <phase duration="4" state="yyyrrryyy"/>
        <phase duration="31" state="rrrGGGrrr"/>
        <phase duration="4" state="rrryyyrrr"/>
    </tlLogic>
    <tlLogic id="-16238" type="static" programID="1" offset="0">
        <phase duration="31" state="GGGgGrrGGG"/>
        <phase duration="4" state="yyygyrryyy"/>
        <phase duration="6" state="rrrGrrrrrr"/>
        <phase duration="4" state="rrryrrrrrr"/>
        <phase duration="31" state="rrrrGGGGrr"/>
        <phase duration="4" state="rrrryyyyrr"/>
    </tlLogic>
    <tlLogic id="-16312" type="static" programID="1" offset="0">
        <phase duration="31" state="GGgrrGGG"/>
        <phase duration="6" state="yygrryyy"/>
        <phase duration="6" state="rrGrrrrr"/>
        <phase duration="6" state="rryrrrrr"/>
        <phase duration="31" state="rrrGGGrr"/>
        <phase duration="6" state="rrryyyrr"/>
    </tlLogic>
    <tlLogic id="-1644" type="static" programID="1" offset="0">
        <phase duration="31" state="GGGgrrrGGGG"/>
        <phase duration="4" state="yyygrrryyyy"/>
        <phase duration="6" state="rrrGrrrrrrr"/>
        <phase duration="4" state="rrryrrrrrrr"/>
        <phase duration="31" state="rrrrGGGGrrr"/>
        <phase duration="4" state="rrrryyyyrrr"/>
    </tlLogic>
    <tlLogic id="-16448" type="static" programID="1" offset="0">
        <phase duration="31" state="rrrGGGGGGGg"/>
        <phase duration="4" state="rrryyyyyyyg"/>
        <phase duration="6" state="rrrrrrrrrrG"/>
        <phase duration="4" state="rrrrrrrrrry"/>
        <phase duration="31" state="GGGGrrrrrrr"/>
        <phase duration="4" state="yyyyrrrrrrr"/>
    </tlLogic>
    <tlLogic id="-16502" type="static" programID="1" offset="0">
        <phase duration="31" state="GGGG"/>
        <phase duration="6" state="yyyy"/>
    </tlLogic>
    <tlLogic id="-16558" type="static" programID="1" offset="0">
        <phase duration="31" state="GGGGGGGggrrr"/>
        <phase duration="4" state="yyyyyyyggrrr"/>
        <phase duration="6" state="rrrrrrrGGrrr"/>
        <phase duration="4" state="rrrrrrryyrrr"/>
        <phase duration="31" state="GrrrrrrrrGGG"/>
        <phase duration="4" state="yrrrrrrrryyy"/>
    </tlLogic>
    <tlLogic id="-16730" type="static" programID="1" offset="0">
        <phase duration="31" state="GGGGgrrrGGGGgrrr"/>
        <phase duration="4" state="yyyygrrryyyygrrr"/>
        <phase duration="6" state="rrrrGrrrrrrrGrrr"/>
        <phase duration="4" state="rrrryrrrrrrryrrr"/>
        <phase duration="31" state="rrrrrGGgrrrrrGGg"/>
        <phase duration="4" state="rrrrryygrrrrryyg"/>
        <phase duration="6" state="rrrrrrrGrrrrrrrG"/>
        <phase duration="4" state="rrrrrrryrrrrrrry"/>
    </tlLogic>
    <tlLogic id="-16816" type="static" programID="1" offset="0">
        <phase duration="31" state="rrrGGGGGGGg"/>
        <phase duration="4" state="rrryyyyyyyg"/>
        <phase duration="6" state="rrrrrrrrrrG"/>
        <phase duration="4" state="rrrrrrrrrry"/>
        <phase duration="31" state="GGGGrrrrrrr"/>
        <phase duration="4" state="yyyyrrrrrrr"/>
    </tlLogic>
    <tlLogic id="-16852" type="static" programID="1" offset="0">
        <phase duration="31" state="GGGGGGGgrrr"/>
        <phase duration="4" state="yyyyyyygrrr"/>
        <phase duration="6" state="rrrrrrrGrrr"/>
        <phase duration="4" state="rrrrrrryrrr"/>
        <phase duration="31" state="GrrrrrrrGGG"/>
        <phase duration="4" state="yrrrrrrryyy"/>
    </tlLogic>
    <tlLogic id="-16864" type="static" programID="1" offset="0">
        <phase duration="31" state="rrrGGGGGGg"/>
        <phase duration="4" state="rrryyyyyyg"/>
        <phase duration="6" state="rrrrrrrrrG"/>
        <phase duration="4" state="rrrrrrrrry"/>
        <phase duration="31" state="GGGGrrrrrr"/>
        <phase duration="4" state="yyyyrrrrrr"/>
    </tlLogic>
    <tlLogic id="-16936" type="static" programID="1" offset="0">
        <phase duration="31" state="rrrGGGgrrrGGGg"/>
        <phase duration="4" state="rrryyygrrryyyg"/>
        <phase duration="6" state="rrrrrrGrrrrrrG"/>
        <phase duration="4" state="rrrrrryrrrrrry"/>
        <phase duration="31" state="GGgrrrrGGgrrrr"/>
        <phase duration="4" state="yygrrrryygrrrr"/>
        <phase duration="6" state="rrGrrrrrrGrrrr"/>
        <phase duration="4" state="rryrrrrrryrrrr"/>
    </tlLogic>
    <tlLogic id="-16944" type="static" programID="1" offset="0">
        <phase duration="31" state="rrrGGGgrrrGGGg"/>
        <phase duration="4" state="rrryyygrrryyyg"/>
        <phase duration="6" state="rrrrrrGrrrrrrG"/>
        <phase duration="4" state="rrrrrryrrrrrry"/>
        <phase duration="31" state="GGgrrrrGGgrrrr"/>
        <phase duration="4" state="yygrrrryygrrrr"/>
        <phase duration="6" state="rrGrrrrrrGrrrr"/>
        <phase duration="4" state="rryrrrrrryrrrr"/>
    </tlLogic>
    <tlLogic id="-17046" type="static" programID="1" offset="0">
        <phase duration="31" state="GGGGGgrr"/>
        <phase duration="6" state="yyyyygrr"/>
        <phase duration="6" state="rrrrrGrr"/>
        <phase duration="6" state="rrrrryrr"/>
        <phase duration="31" state="GrrrrrGG"/>
        <phase duration="6" state="yrrrrryy"/>
    </tlLogic>
    <tlLogic id="-17072" type="static" programID="1" offset="0">
        <phase duration="31" state="rrrGGGGGGGg"/>
        <phase duration="4" state="rrryyyyyyyg"/>
        <phase duration="6" state="rrrrrrrrrrG"/>
        <phase duration="4" state="rrrrrrrrrry"/>
        <phase duration="31" state="GGGGrrrrrrr"/>
        <phase duration="4" state="yyyyrrrrrrr"/>
    </tlLogic>
    <tlLogic id="-17158" type="static" programID="1" offset="0">
        <phase duration="31" state="GGgrrGGG"/>
        <phase duration="6" state="yygrryyy"/>
        <phase duration="6" state="rrGrrrrr"/>
        <phase duration="6" state="rryrrrrr"/>
        <phase duration="31" state="rrrGGGrr"/>
        <phase duration="6" state="rrryyyrr"/>
    </tlLogic>
    <tlLogic id="-17268" type="static" programID="1" offset="0">
        <phase duration="31" state="GGGGrrrrGGGg"/>
        <phase duration="4" state="yyyyrrrryyyg"/>
        <phase duration="6" state="rrrrrrrrrrrG"/>
        <phase duration="4" state="rrrrrrrrrrry"/>
        <phase duration="31" state="rrrrGGGGrrrr"/>
        <phase duration="4" state="rrrryyyyrrrr"/>
    </tlLogic>
    <tlLogic id="-17348" type="static" programID="1" offset="0">
        <phase duration="31" state="GGGGGgrr"/>
        <phase duration="6" state="yyyyygrr"/>
        <phase duration="6" state="rrrrrGrr"/>
        <phase duration="6" state="rrrrryrr"/>
        <phase duration="31" state="GrrrrrGG"/>
        <phase duration="6" state="yrrrrryy"/>
    </tlLogic>
    <tlLogic id="-1740" type="static" programID="1" offset="0">
        <phase duration="31" state="GGGGGGGgrrr"/>
        <phase duration="4" state="yyyyyyygrrr"/>
        <phase duration="6" state="rrrrrrrGrrr"/>
        <phase duration="4" state="rrrrrrryrrr"/>
        <phase duration="31" state="GrrrrrrrGGG"/>
        <phase duration="4" state="yrrrrrrryyy"/>
    </tlLogic>
    <tlLogic id="-17472" type="static" programID="1" offset="0">
        <phase duration="31" state="GGGGrrrrGGGg"/>
        <phase duration="4" state="yyyyrrrryyyg"/>
        <phase duration="6" state="rrrrrrrrrrrG"/>
        <phase duration="4" state="rrrrrrrrrrry"/>
        <phase duration="31" state="rrrrGGGGrrrr"/>
        <phase duration="4" state="rrrryyyyrrrr"/>
    </tlLogic>
    <tlLogic id="-17612" type="static" programID="1" offset="0">
        <phase duration="31" state="GGGgrrrGGGG"/>
        <phase duration="4" state="yyygrrryyyy"/>
        <phase duration="6" state="rrrGrrrrrrr"/>
        <phase duration="4" state="rrryrrrrrrr"/>
        <phase duration="31" state="rrrrGGGGrrr"/>
        <phase duration="4" state="rrrryyyyrrr"/>
    </tlLogic>
    <tlLogic id="-17638" type="static" programID="1" offset="0">
        <phase duration="31" state="rrrGGGGGGGg"/>
        <phase duration="4" state="rrryyyyyyyg"/>
        <phase duration="6" state="rrrrrrrrrrG"/>
        <phase duration="4" state="rrrrrrrrrry"/>
        <phase duration="31" state="GGGGrrrrrrr"/>
        <phase duration="4" state="yyyyrrrrrrr"/>
    </tlLogic>
    <tlLogic id="-17662" type="static" programID="1" offset="0">
        <phase duration="31" state="GGgrrrGGGG"/>
        <phase duration="4" state="yygrrryyyy"/>
        <phase duration="6" state="rrGrrrrrrr"/>
        <phase duration="4" state="rryrrrrrrr"/>
        <phase duration="31" state="rrrGGGGrrr"/>
        <phase duration="4" state="rrryyyyrrr"/>
    </tlLogic>
    <tlLogic id="-17684" type="static" programID="1" offset="0">
        <phase duration="31" state="rrrrrGGGGGgrrrrGGGgg"/>
        <phase duration="4" state="rrrrryyyyygrrrryyygg"/>
        <phase duration="6" state="rrrrrrrrrrGrrrrrrrGG"/>
        <phase duration="4" state="rrrrrrrrrryrrrrrrryy"/>
        <phase duration="31" state="GGgggrrrrrrGGGgrrrrr"/>
        <phase duration="4" state="yygggrrrrrryyygrrrrr"/>
        <phase duration="6" state="rrGGGrrrrrrrrrGrrrrr"/>
        <phase duration="4" state="rryyyrrrrrrrrryrrrrr"/>
    </tlLogic>
    <tlLogic id="-17958" type="static" programID="1" offset="0">
        <phase duration="31" state="GGGgrrrGGGG"/>
        <phase duration="4" state="yyygrrryyyy"/>
        <phase duration="6" state="rrrGrrrrrrr"/>
        <phase duration="4" state="rrryrrrrrrr"/>
        <phase duration="31" state="rrrrGGGGrrr"/>
        <phase duration="4" state="rrrryyyyrrr"/>
    </tlLogic>
    <tlLogic id="-18372" type="static" programID="1" offset="0">
        <phase duration="31" state="rrrGGGGGGGg"/>
        <phase duration="4" state="rrryyyyyyyg"/>
        <phase duration="6" state="rrrrrrrrrrG"/>
        <phase duration="4" state="rrrrrrrrrry"/>
        <phase duration="31" state="GggrrrrGGGr"/>
        <phase duration="4" state="yyyrrrryyyr"/>
    </tlLogic>
    <tlLogic id="-18406" type="static" programID="1" offset="0">
        <phase duration="31" state="rrrGGGGgrrrGGGGg"/>
        <phase duration="4" state="rrryyyygrrryyyyg"/>
        <phase duration="6" state="rrrrrrrGrrrrrrrG"/>
        <phase duration="4" state="rrrrrrryrrrrrrry"/>
        <phase duration="31" state="GGgrrrrrGGgrrrrr"/>
        <phase duration="4" state="yygrrrrryygrrrrr"/>
        <phase duration="6" state="rrGrrrrrrrGrrrrr"/>
        <phase duration="4" state="rryrrrrrrryrrrrr"/>
    </tlLogic>
    <tlLogic id="-18616" type="static" programID="1" offset="0">
        <phase duration="31" state="GGGggrrrGGGG"/>
        <phase duration="4" state="yyyggrrryyyy"/>
        <phase duration="6" state="rrrGGrrrrrrr"/>
        <phase duration="4" state="rrryyrrrrrrr"/>
        <phase duration="31" state="rrrrrGGGGrrr"/>
        <phase duration="4" state="rrrrryyyyrrr"/>
    </tlLogic>
    <tlLogic id="-1868" type="static" programID="1" offset="0">
        <phase duration="31" state="rrrGGGGGGg"/>
        <phase duration="4" state="rrryyyyyyg"/>
        <phase duration="6" state="rrrrrrrrrG"/>
        <phase duration="4" state="rrrrrrrrry"/>
        <phase duration="31" state="GGGGrrrrrr"/>
        <phase duration="4" state="yyyyrrrrrr"/>
    </tlLogic>
    <tlLogic id="-18996" type="static" programID="1" offset="0">
        <phase duration="31" state="GGGGrrrrGGGg"/>
        <phase duration="4" state="yyyyrrrryyyg"/>
        <phase duration="6" state="rrrrrrrrrrrG"/>
        <phase duration="4" state="rrrrrrrrrrry"/>
        <phase duration="31" state="rrrrGGGGrrrr"/>
        <phase duration="4" state="rrrryyyyrrrr"/>
    </tlLogic>
    <tlLogic id="-1912" type="static" programID="1" offset="0">
        <phase duration="31" state="GGGgrrrGGGG"/>
        <phase duration="4" state="yyygrrryyyy"/>
        <phase duration="6" state="rrrGrrrrrrr"/>
        <phase duration="4" state="rrryrrrrrrr"/>
        <phase duration="31" state="rrrrGGGGrrr"/>
        <phase duration="4" state="rrrryyyyrrr"/>
    </tlLogic>
    <tlLogic id="-19346" type="static" programID="1" offset="0">
        <phase duration="31" state="GGGgGGGGrrrr"/>
        <phase duration="4" state="yyygyyyyrrrr"/>
        <phase duration="6" state="rrrGrrrrrrrr"/>
        <phase duration="4" state="rrryrrrrrrrr"/>
        <phase duration="31" state="rrrrrrrrGGGG"/>
        <phase duration="4" state="rrrrrrrryyyy"/>
    </tlLogic>
    <tlLogic id="-19544" type="static" programID="1" offset="0">
        <phase duration="31" state="rrGGGGGg"/>
        <phase duration="4" state="rryyyyyg"/>
        <phase duration="6" state="rrrrrrrG"/>
        <phase duration="4" state="rrrrrrry"/>
        <phase duration="31" state="GGGrrrrr"/>
        <phase duration="4" state="yyyrrrrr"/>
    </tlLogic>
    <tlLogic id="-19554" type="static" programID="1" offset="0">
        <phase duration="31" state="rrrGGGgrrrGGGg"/>
        <phase duration="6" state="rrryyygrrryyyg"/>
        <phase duration="6" state="rrrrrrGrrrrrrG"/>
        <phase duration="6" state="rrrrrryrrrrrry"/>
        <phase duration="31" state="GGgrrrrGGgrrrr"/>
        <phase duration="6" state="yygrrrryygrrrr"/>
        <phase duration="6" state="rrGrrrrrrGrrrr"/>
        <phase duration="6" state="rryrrrrrryrrrr"/>
    </tlLogic>
    <tlLogic id="-19638" type="static" programID="1" offset="0">
        <phase duration="31" state="GGGGGgrr"/>
        <phase duration="4" state="yyyyygrr"/>
        <phase duration="6" state="rrrrrGrr"/>
        <phase duration="4" state="rrrrryrr"/>
        <phase duration="31" state="GrrrrrGG"/>
        <phase duration="4" state="yrrrrryy"/>
    </tlLogic>
    <tlLogic id="-19718" type="static" programID="1" offset="0">
        <phase duration="31" state="GGgrrGGG"/>
        <phase duration="4" state="yygrryyy"/>
        <phase duration="6" state="rrGrrrrr"/>
        <phase duration="4" state="rryrrrrr"/>
        <phase duration="31" state="rrrGGGrr"/>
        <phase duration="4" state="rrryyyrr"/>
    </tlLogic>
    <tlLogic id="-19742" type="static" programID="1" offset="0">
        <phase duration="31" state="GGGgrrrGGGG"/>
        <phase duration="4" state="yyygrrryyyy"/>
        <phase duration="6" state="rrrGrrrrrrr"/>
        <phase duration="4" state="rrryrrrrrrr"/>
        <phase duration="31" state="rrrrGGGGrrr"/>
        <phase duration="4" state="rrrryyyyrrr"/>
    </tlLogic>
    <tlLogic id="-19856" type="static" programID="1" offset="0">
        <phase duration="31" state="GGgGrGG"/>
        <phase duration="6" state="yygyryy"/>
        <phase duration="6" state="rrGrrrr"/>
        <phase duration="6" state="rryrrrr"/>
        <phase duration="31" state="rrrGGGr"/>
        <phase duration="6" state="rrryyyr"/>
    </tlLogic>
    <tlLogic id="-1992" type="static" programID="1" offset="0">
        <phase duration="31" state="rrrGGGGGGg"/>
        <phase duration="4" state="rrryyyyyyg"/>
        <phase duration="6" state="rrrrrrrrrG"/>
        <phase duration="4" state="rrrrrrrrry"/>
        <phase duration="31" state="GGGGrrrrrr"/>
        <phase duration="4" state="yyyyrrrrrr"/>
    </tlLogic>
    <tlLogic id="-19932" type="static" programID="1" offset="0">
        <phase duration="31" state="GGGGGrrr"/>
        <phase duration="4" state="yyyyyrrr"/>
        <phase duration="31" state="GGGrGGGG"/>
        <phase duration="4" state="yyyryyyy"/>
    </tlLogic>
    <tlLogic id="-20250" type="static" programID="1" offset="0">
        <phase duration="31" state="GGGgrrrGGGG"/>
        <phase duration="4" state="yyygrrryyyy"/>
        <phase duration="6" state="rrrGrrrrrrr"/>
        <phase duration="4" state="rrryrrrrrrr"/>
        <phase duration="31" state="rrrrGGGGrrr"/>
        <phase duration="4" state="rrrryyyyrrr"/>
    </tlLogic>
    <tlLogic id="-20304" type="static" programID="1" offset="0">
        <phase duration="31" state="GGGgrrrGGGG"/>
        <phase duration="4" state="yyygrrryyyy"/>
        <phase duration="6" state="rrrGrrrrrrr"/>
        <phase duration="4" state="rrryrrrrrrr"/>
        <phase duration="31" state="rrrrGGGGrrr"/>
        <phase duration="4" state="rrrryyyyrrr"/>
    </tlLogic>
    <tlLogic id="-20368" type="static" programID="1" offset="0">
        <phase duration="31" state="rrrGGGGGGGg"/>
        <phase duration="4" state="rrryyyyyyyg"/>
        <phase duration="6" state="rrrrrrrrrrG"/>
        <phase duration="4" state="rrrrrrrrrry"/>
        <phase duration="31" state="GGGGrrrrrrr"/>
        <phase duration="4" state="yyyyrrrrrrr"/>
    </tlLogic>
    <tlLogic id="-20484" type="static" programID="1" offset="0">
        <phase duration="31" state="GGgrrGGG"/>
        <phase duration="4" state="yygrryyy"/>
        <phase duration="6" state="rrGrrrrr"/>
        <phase duration="4" state="rryrrrrr"/>
        <phase duration="31" state="rrrGGGrr"/>
        <phase duration="4" state="rrryyyrr"/>
    </tlLogic>
    <tlLogic id="-2052" type="static" programID="1" offset="0">
        <phase duration="31" state="rrGGGGGg"/>
        <phase duration="4" state="rryyyyyg"/>
        <phase duration="6" state="rrrrrrrG"/>
        <phase duration="4" state="rrrrrrry"/>
        <phase duration="31" state="GGGrrrrr"/>
        <phase duration="4" state="yyyrrrrr"/>
    </tlLogic>
    <tlLogic id="-20566" type="static" programID="1" offset="0">
        <phase duration="31" state="GGGGGGgrrr"/>
        <phase duration="4" state="yyyyyygrrr"/>
        <phase duration="6" state="rrrrrrGrrr"/>
        <phase duration="4" state="rrrrrryrrr"/>
        <phase duration="31" state="GrrrrrrGGG"/>
        <phase duration="4" state="yrrrrrryyy"/>
    </tlLogic>
    <tlLogic id="-2060" type="static" programID="1" offset="0">
        <phase duration="31" state="GGGGrrrr"/>
        <phase duration="4" state="yyyyrrrr"/>
        <phase duration="31" state="GGGrGGGG"/>
        <phase duration="4" state="yyyryyyy"/>
    </tlLogic>
    <tlLogic id="-20604" type="static" programID="1" offset="0">
        <phase duration="31" state="GGGG"/>
        <phase duration="4" state="yyyy"/>
        <phase duration="31" state="GGGG"/>
        <phase duration="4" state="yyyy"/>
    </tlLogic>
    <tlLogic id="-20674" type="static" programID="1" offset="0">
        <phase duration="31" state="GGGGgrrrGGGGgrrr"/>
        <phase duration="4" state="yyyygrrryyyygrrr"/>
        <phase duration="6" state="rrrrGrrrrrrrGrrr"/>
        <phase duration="4" state="rrrryrrrrrrryrrr"/>
        <phase duration="31" state="GrrrrGGgGrrrrGGg"/>
        <phase duration="4" state="yrrrryygyrrrryyg"/>
        <phase duration="6" state="rrrrrrrGrrrrrrrG"/>
        <phase duration="4" state="rrrrrrryrrrrrrry"/>
    </tlLogic>
    <tlLogic id="-20740" type="static" programID="1" offset="0">
        <phase duration="31" state="rrrrGGGGgGGGGgg"/>
        <phase duration="4" state="rrrryyyygyyyygg"/>
        <phase duration="6" state="rrrrrrrrGrrrrGG"/>
        <phase duration="4" state="rrrrrrrryrrrryy"/>
        <phase duration="31" state="GGGGGrrrrrrrrrr"/>
        <phase duration="4" state="yyyyyrrrrrrrrrr"/>
    </tlLogic>
    <tlLogic id="-20860" type="static" programID="1" offset="0">
        <phase duration="31" state="GGGrrrGGG"/>
        <phase duration="4" state="yyyrrryyy"/>
        <phase duration="31" state="rrrGGGrrr"/>
        <phase duration="4" state="rrryyyrrr"/>
    </tlLogic>
    <tlLogic id="-20994" type="static" programID="1" offset="0">
        <phase duration="31" state="GGGgrrrGGGG"/>
        <phase duration="4" state="yyygrrryyyy"/>
        <phase duration="6" state="rrrGrrrrrrr"/>
        <phase duration="4" state="rrryrrrrrrr"/>
        <phase duration="31" state="rrrrGGGGrrr"/>
        <phase duration="4" state="rrrryyyyrrr"/>
    </tlLogic>
    <tlLogic id="-21042" type="static" programID="1" offset="0">
        <phase duration="31" state="rrrGGGGgrrrGGGGg"/>
        <phase duration="4" state="rrryyyygrrryyyyg"/>
        <phase duration="6" state="rrrrrrrGrrrrrrrG"/>
        <phase duration="4" state="rrrrrrryrrrrrrry"/>
        <phase duration="31" state="GGgrrrrrGGgGrrrr"/>
        <phase duration="4" state="yygrrrrryygyrrrr"/>
        <phase duration="6" state="rrGrrrrrrrGrrrrr"/>
        <phase duration="4" state="rryrrrrrrryrrrrr"/>
    </tlLogic>
    <tlLogic id="-21044" type="static" programID="1" offset="0">
        <phase duration="31" state="GGGGGGGgrrr"/>
        <phase duration="4" state="yyyyyyygrrr"/>
        <phase duration="6" state="rrrrrrrGrrr"/>
        <phase duration="4" state="rrrrrrryrrr"/>
        <phase duration="31" state="GrrrrrrrGGG"/>
        <phase duration="4" state="yrrrrrrryyy"/>
    </tlLogic>
    <tlLogic id="-21152" type="static" programID="1" offset="0">
        <phase duration="31" state="GGGgrrrGGGgrrr"/>
        <phase duration="6" state="yyygrrryyygrrr"/>
        <phase duration="6" state="rrrGrrrrrrGrrr"/>
        <phase duration="6" state="rrryrrrrrryrrr"/>
        <phase duration="31" state="rrrrGGgrrrrGGg"/>
        <phase duration="6" state="rrrryygrrrryyg"/>
        <phase duration="6" state="rrrrrrGrrrrrrG"/>
        <phase duration="6" state="rrrrrryrrrrrry"/>
    </tlLogic>
    <tlLogic id="-22198" type="static" programID="1" offset="0">
        <phase duration="31" state="rrrGGGGgrrrGGGGg"/>
        <phase duration="4" state="rrryyyygrrryyyyg"/>
        <phase duration="6" state="rrrrrrrGrrrrrrrG"/>
        <phase duration="4" state="rrrrrrryrrrrrrry"/>
        <phase duration="31" state="GGgrrrrrGGgrrrrr"/>
        <phase duration="4" state="yygrrrrryygrrrrr"/>
        <phase duration="6" state="rrGrrrrrrrGrrrrr"/>
        <phase duration="4" state="rryrrrrrrryrrrrr"/>
    </tlLogic>
    <tlLogic id="-22674" type="static" programID="1" offset="0">
        <phase duration="31" state="rrrGGGGGGGg"/>
        <phase duration="4" state="rrryyyyyyyg"/>
        <phase duration="6" state="rrrrrrrrrrG"/>
        <phase duration="4" state="rrrrrrrrrry"/>
        <phase duration="31" state="GGGGrrrrrrr"/>
        <phase duration="4" state="yyyyrrrrrrr"/>
    </tlLogic>
    <tlLogic id="-22698" type="static" programID="1" offset="0">
        <phase duration="31" state="GGGGGGGgrrr"/>
        <phase duration="4" state="yyyyyyygrrr"/>
        <phase duration="6" state="rrrrrrrGrrr"/>
        <phase duration="4" state="rrrrrrryrrr"/>
        <phase duration="31" state="GrrrrrrrGGG"/>
        <phase duration="4" state="yrrrrrrryyy"/>
    </tlLogic>
    <tlLogic id="-22774" type="static" programID="1" offset="0">
        <phase duration="31" state="GGGGGG"/>
        <phase duration="4" state="yyyyyy"/>
        <phase duration="31" state="GGGGGG"/>
        <phase duration="4" state="yyyyyy"/>
    </tlLogic>
    <tlLogic id="-22882" type="static" programID="1" offset="0">
        <phase duration="31" state="GGGGGGGgrrr"/>
        <phase duration="4" state="yyyyyyygrrr"/>
        <phase duration="6" state="rrrrrrrGrrr"/>
        <phase duration="4" state="rrrrrrryrrr"/>
        <phase duration="31" state="GrrrrrrrGGG"/>
        <phase duration="4" state="yrrrrrrryyy"/>
    </tlLogic>
    <tlLogic id="-23354" type="static" programID="1" offset="0">
        <phase duration="31" state="GGGGrr"/>
        <phase duration="4" state="yyyyrr"/>
        <phase duration="31" state="GGrGGG"/>
        <phase duration="4" state="yyryyy"/>
    </tlLogic>
    <tlLogic id="-23388" type="static" programID="1" offset="0">
        <phase duration="31" state="GGgrrGGG"/>
        <phase duration="6" state="yygrryyy"/>
        <phase duration="6" state="rrGrrrrr"/>
        <phase duration="6" state="rryrrrrr"/>
        <phase duration="31" state="rrrGGGrr"/>
        <phase duration="6" state="rrryyyrr"/>
    </tlLogic>
    <tlLogic id="-23604" type="static" programID="1" offset="0">
        <phase duration="31" state="GGGgrrrGGGgrrr"/>
        <phase duration="6" state="yyygrrryyygrrr"/>
        <phase duration="6" state="rrrGrrrrrrGrrr"/>
        <phase duration="6" state="rrryrrrrrryrrr"/>
        <phase duration="31" state="rrrrGGgrrrrGGg"/>
        <phase duration="6" state="rrrryygrrrryyg"/>
        <phase duration="6" state="rrrrrrGrrrrrrG"/>
        <phase duration="6" state="rrrrrryrrrrrry"/>
    </tlLogic>
    <tlLogic id="-24224" type="static" programID="1" offset="0">
        <phase duration="31" state="GGGGGGGgrrr"/>
        <phase duration="4" state="yyyyyyygrrr"/>
        <phase duration="6" state="rrrrrrrGrrr"/>
        <phase duration="4" state="rrrrrrryrrr"/>
        <phase duration="31" state="GrrrrrrrGGG"/>
        <phase duration="4" state="yrrrrrrryyy"/>
    </tlLogic>
    <tlLogic id="-24492" type="static" programID="1" offset="0">
        <phase duration="31" state="rrGGGg"/>
        <phase duration="4" state="rryyyg"/>
        <phase duration="6" state="rrrrrG"/>
        <phase duration="4" state="rrrrry"/>
        <phase duration="31" state="GGGrrr"/>
        <phase duration="4" state="yyyrrr"/>
    </tlLogic>
    <tlLogic id="-24852" type="static" programID="1" offset="0">
        <phase duration="31" state="GGGgrrrGGGggrrr"/>
        <phase duration="4" state="yyygrrryyyggrrr"/>
        <phase duration="6" state="rrrGrrrrrrGGrrr"/>
        <phase duration="4" state="rrryrrrrrryyrrr"/>
        <phase duration="31" state="rrrrGGgrrrrrGGg"/>
        <phase duration="4" state="rrrryygrrrrryyg"/>
        <phase duration="6" state="rrrrrrGrrrrrrrG"/>
        <phase duration="4" state="rrrrrryrrrrrrry"/>
    </tlLogic>
    <tlLogic id="-24892" type="static" programID="1" offset="0">
        <phase duration="31" state="rrrGGGGgrrrGGGGg"/>
        <phase duration="4" state="rrryyyygrrryyyyg"/>
        <phase duration="6" state="rrrrrrrGrrrrrrrG"/>
        <phase duration="4" state="rrrrrrryrrrrrrry"/>
        <phase duration="31" state="GGgrrrrrGGgrrrrr"/>
        <phase duration="4" state="yygrrrrryygrrrrr"/>
        <phase duration="6" state="rrGrrrrrrrGrrrrr"/>
        <phase duration="4" state="rryrrrrrrryrrrrr"/>
    </tlLogic>
    <tlLogic id="-24942" type="static" programID="1" offset="0">
        <phase duration="31" state="GGGgrrrGGGG"/>
        <phase duration="4" state="yyygrrryyyy"/>
        <phase duration="6" state="rrrGrrrrrrr"/>
        <phase duration="4" state="rrryrrrrrrr"/>
        <phase duration="31" state="rrrrGGGGrrr"/>
        <phase duration="4" state="rrrryyyyrrr"/>
    </tlLogic>
    <tlLogic id="-25286" type="static" programID="1" offset="0">
        <phase duration="31" state="rrrgGGGgrrrGGGGG"/>
        <phase duration="4" state="rrrgyyygrrryyyyy"/>
        <phase duration="6" state="rrrGrrrGrrrrrrrr"/>
        <phase duration="4" state="rrryrrryrrrrrrrr"/>
        <phase duration="31" state="GGgrrrrrGGgrrrrr"/>
        <phase duration="4" state="yygrrrrryygrrrrr"/>
        <phase duration="6" state="rrGrrrrrrrGrrrrr"/>
        <phase duration="4" state="rryrrrrrrryrrrrr"/>
    </tlLogic>
    <tlLogic id="-2540" type="static" programID="1" offset="0">
        <phase duration="31" state="GGgrrGGG"/>
        <phase duration="6" state="yygrryyy"/>
        <phase duration="6" state="rrGrrrrr"/>
        <phase duration="6" state="rryrrrrr"/>
        <phase duration="31" state="rrrGGGrr"/>
        <phase duration="6" state="rrryyyrr"/>
    </tlLogic>
    <tlLogic id="-25450" type="static" programID="1" offset="0">
        <phase duration="31" state="rrrGGGGgrrrGGGGg"/>
        <phase duration="4" state="rrryyyygrrryyyyg"/>
        <phase duration="6" state="rrrrrrrGrrrrrrrG"/>
        <phase duration="4" state="rrrrrrryrrrrrrry"/>
        <phase duration="31" state="GGgrrrrrGGgrrrrr"/>
        <phase duration="4" state="yygrrrrryygrrrrr"/>
        <phase duration="6" state="rrGrrrrrrrGrrrrr"/>
        <phase duration="4" state="rryrrrrrrryrrrrr"/>
    </tlLogic>
    <tlLogic id="-26152" type="static" programID="1" offset="0">
        <phase duration="31" state="GGGGGgrrrGGGGGgrrr"/>
        <phase duration="4" state="yyyyygrrryyyyygrrr"/>
        <phase duration="6" state="rrrrrGrrrrrrrrGrrr"/>
        <phase duration="4" state="rrrrryrrrrrrrryrrr"/>
        <phase duration="31" state="rrrrrrGGgrrrrrrGGg"/>
        <phase duration="4" state="rrrrrryygrrrrrryyg"/>
        <phase duration="6" state="rrrrrrrrGrrrrrrrrG"/>
        <phase duration="4" state="rrrrrrrryrrrrrrrry"/>
    </tlLogic>
    <tlLogic id="-26466" type="static" programID="1" offset="0">
        <phase duration="31" state="rrrGGGGGGGg"/>
        <phase duration="4" state="rrryyyyyyyg"/>
        <phase duration="6" state="rrrrrrrrrrG"/>
        <phase duration="4" state="rrrrrrrrrry"/>
        <phase duration="31" state="GGGGrrrrrrr"/>
        <phase duration="4" state="yyyyrrrrrrr"/>
    </tlLogic>
    <tlLogic id="-26640" type="static" programID="1" offset="0">
        <phase duration="31" state="rrrGGGGgrrrGGGGg"/>
        <phase duration="4" state="rrryyyygrrryyyyg"/>
        <phase duration="6" state="rrrrrrrGrrrrrrrG"/>
        <phase duration="4" state="rrrrrrryrrrrrrry"/>
        <phase duration="31" state="GGgrrrrrGGgrrrrr"/>
        <phase duration="4" state="yygrrrrryygrrrrr"/>
        <phase duration="6" state="rrGrrrrrrrGrrrrr"/>
        <phase duration="4" state="rryrrrrrrryrrrrr"/>
    </tlLogic>
    <tlLogic id="-26984" type="static" programID="1" offset="0">
        <phase duration="31" state="GGgrrGGG"/>
        <phase duration="4" state="yygrryyy"/>
        <phase duration="6" state="rrGrrrrr"/>
        <phase duration="4" state="rryrrrrr"/>
        <phase duration="31" state="rrrGGGrr"/>
        <phase duration="4" state="rrryyyrr"/>
    </tlLogic>
    <tlLogic id="-27040" type="static" programID="1" offset="0">
        <phase duration="31" state="GGGrrr"/>
        <phase duration="4" state="yyyrrr"/>
        <phase duration="31" state="GGrGGG"/>
        <phase duration="4" state="yyryyy"/>
    </tlLogic>
    <tlLogic id="-27182" type="static" programID="1" offset="0">
        <phase duration="31" state="GGGGgrrrGGGGgrrr"/>
        <phase duration="4" state="yyyygrrryyyygrrr"/>
        <phase duration="6" state="rrrrGrrrrrrrGrrr"/>
        <phase duration="4" state="rrrryrrrrrrryrrr"/>
        <phase duration="31" state="rrrrrGGgrrrrrGGg"/>
        <phase duration="4" state="rrrrryygrrrrryyg"/>
        <phase duration="6" state="rrrrrrrGrrrrrrrG"/>
        <phase duration="4" state="rrrrrrryrrrrrrry"/>
    </tlLogic>
    <tlLogic id="-27192" type="static" programID="1" offset="0">
        <phase duration="31" state="rrrGGGGGGGg"/>
        <phase duration="4" state="rrryyyyyyyg"/>
        <phase duration="6" state="rrrrrrrrrrG"/>
        <phase duration="4" state="rrrrrrrrrry"/>
        <phase duration="31" state="GGGGrrrrrrr"/>
        <phase duration="4" state="yyyyrrrrrrr"/>
    </tlLogic>
    <tlLogic id="-27336" type="static" programID="1" offset="0">
        <phase duration="31" state="rrrGGGGgrrrGGGGg"/>
        <phase duration="4" state="rrryyyygrrryyyyg"/>
        <phase duration="6" state="rrrrrrrGrrrrrrrG"/>
        <phase duration="4" state="rrrrrrryrrrrrrry"/>
        <phase duration="31" state="GGgGrrrrGGgrrrrr"/>
        <phase duration="4" state="yygyrrrryygrrrrr"/>
        <phase duration="6" state="rrGrrrrrrrGrrrrr"/>
        <phase duration="4" state="rryrrrrrrryrrrrr"/>
    </tlLogic>
    <tlLogic id="-27536" type="static" programID="1" offset="0">
        <phase duration="31" state="GGGgrrrGGGG"/>
        <phase duration="4" state="yyygrrryyyy"/>
        <phase duration="6" state="rrrGrrrrrrr"/>
        <phase duration="4" state="rrryrrrrrrr"/>
        <phase duration="31" state="rrrrGGGGrrr"/>
        <phase duration="4" state="rrrryyyyrrr"/>
    </tlLogic>
    <tlLogic id="-27652" type="static" programID="1" offset="0">
        <phase duration="31" state="GGGGgrrrGGGgrrr"/>
        <phase duration="4" state="yyyygrrryyygrrr"/>
        <phase duration="6" state="rrrrGrrrrrrGrrr"/>
        <phase duration="4" state="rrrryrrrrrryrrr"/>
        <phase duration="31" state="rrrrrGGgrrrrGGg"/>
        <phase duration="4" state="rrrrryygrrrryyg"/>
        <phase duration="6" state="rrrrrrrGrrrrrrG"/>
        <phase duration="4" state="rrrrrrryrrrrrry"/>
    </tlLogic>
    <tlLogic id="-28012" type="static" programID="1" offset="0">
        <phase duration="31" state="GGGGgrrrGGGGgrrr"/>
        <phase duration="4" state="yyyygrrryyyygrrr"/>
        <phase duration="6" state="rrrrGrrrrrrrGrrr"/>
        <phase duration="4" state="rrrryrrrrrrryrrr"/>
        <phase duration="31" state="rrrrrGGgrrrrrGGg"/>
        <phase duration="4" state="rrrrryygrrrrryyg"/>
        <phase duration="6" state="rrrrrrrGrrrrrrrG"/>
        <phase duration="4" state="rrrrrrryrrrrrrry"/>
    </tlLogic>
    <tlLogic id="-28120" type="static" programID="1" offset="0">
        <phase duration="31" state="GGGGGgrr"/>
        <phase duration="6" state="yyyyygrr"/>
        <phase duration="6" state="rrrrrGrr"/>
        <phase duration="6" state="rrrrryrr"/>
        <phase duration="31" state="GrrrrrGG"/>
        <phase duration="6" state="yrrrrryy"/>
    </tlLogic>
    <tlLogic id="-28210" type="static" programID="1" offset="0">
        <phase duration="31" state="GGgrrGGG"/>
        <phase duration="6" state="yygrryyy"/>
        <phase duration="6" state="rrGrrrrr"/>
        <phase duration="6" state="rryrrrrr"/>
        <phase duration="31" state="rrrGGGrr"/>
        <phase duration="6" state="rrryyyrr"/>
    </tlLogic>
    <tlLogic id="-28404" type="static" programID="1" offset="0">
        <phase duration="31" state="rrrGGGGgrrrGGGGg"/>
        <phase duration="4" state="rrryyyygrrryyyyg"/>
        <phase duration="6" state="rrrrrrrGrrrrrrrG"/>
        <phase duration="4" state="rrrrrrryrrrrrrry"/>
        <phase duration="31" state="GGgrrrrrGGgrrrrr"/>
        <phase duration="4" state="yygrrrrryygrrrrr"/>
        <phase duration="6" state="rrGrrrrrrrGrrrrr"/>
        <phase duration="4" state="rryrrrrrrryrrrrr"/>
    </tlLogic>
    <tlLogic id="-28416" type="static" programID="1" offset="0">
        <phase duration="31" state="GGggGrrrGGGG"/>
        <phase duration="4" state="yyggyrrryyyy"/>
        <phase duration="6" state="rrGGrrrrrrrr"/>
        <phase duration="4" state="rryyrrrrrrrr"/>
        <phase duration="31" state="rrrrGGGGGGrr"/>
        <phase duration="4" state="rrrryyyyyyrr"/>
    </tlLogic>
    <tlLogic id="-28424" type="static" programID="1" offset="0">
        <phase duration="31" state="GGGGGGGgrrr"/>
        <phase duration="4" state="yyyyyyygrrr"/>
        <phase duration="6" state="rrrrrrrGrrr"/>
        <phase duration="4" state="rrrrrrryrrr"/>
        <phase duration="31" state="GrrrrrrrGGG"/>
        <phase duration="4" state="yrrrrrrryyy"/>
    </tlLogic>
    <tlLogic id="-28504" type="static" programID="1" offset="0">
        <phase duration="31" state="GGGGgrrrGGGGgrrr"/>
        <phase duration="4" state="yyyygrrryyyygrrr"/>
        <phase duration="6" state="rrrrGrrrrrrrGrrr"/>
        <phase duration="4" state="rrrryrrrrrrryrrr"/>
        <phase duration="31" state="GrrrrGGgrrrrrGGg"/>
        <phase duration="4" state="yrrrryygrrrrryyg"/>
        <phase duration="6" state="rrrrrrrGrrrrrrrG"/>
        <phase duration="4" state="rrrrrrryrrrrrrry"/>
    </tlLogic>
    <tlLogic id="-28576" type="static" programID="1" offset="0">
        <phase duration="31" state="GGGGGr"/>
        <phase duration="6" state="yyyyyr"/>
        <phase duration="31" state="rrrGGG"/>
        <phase duration="6" state="rrryyy"/>
    </tlLogic>
    <tlLogic id="-28692" type="static" programID="1" offset="0">
        <phase duration="31" state="GGGgrrrGGGgrrr"/>
        <phase duration="4" state="yyygrrryyygrrr"/>
        <phase duration="6" state="rrrGrrrrrrGrrr"/>
        <phase duration="4" state="rrryrrrrrryrrr"/>
        <phase duration="31" state="rrrrGGgrrrrGGg"/>
        <phase duration="4" state="rrrryygrrrryyg"/>
        <phase duration="6" state="rrrrrrGrrrrrrG"/>
        <phase duration="4" state="rrrrrryrrrrrry"/>
    </tlLogic>
    <tlLogic id="-28860" type="static" programID="1" offset="0">
        <phase duration="31" state="GGGGrrrr"/>
        <phase duration="4" state="yyyyrrrr"/>
        <phase duration="31" state="GGGrGGGG"/>
        <phase duration="4" state="yyyryyyy"/>
    </tlLogic>
    <tlLogic id="-28916" type="static" programID="1" offset="0">
        <phase duration="31" state="rrrGGGGgrrrGGGGg"/>
        <phase duration="4" state="rrryyyygrrryyyyg"/>
        <phase duration="6" state="rrrrrrrGrrrrrrrG"/>
        <phase duration="4" state="rrrrrrryrrrrrrry"/>
        <phase duration="31" state="GGgrrrrrGGgrrrrr"/>
        <phase duration="4" state="yygrrrrryygrrrrr"/>
        <phase duration="6" state="rrGrrrrrrrGrrrrr"/>
        <phase duration="4" state="rryrrrrrrryrrrrr"/>
    </tlLogic>
    <tlLogic id="-28954" type="static" programID="1" offset="0">
        <phase duration="31" state="GGGGGGGgrrr"/>
        <phase duration="4" state="yyyyyyygrrr"/>
        <phase duration="6" state="rrrrrrrGrrr"/>
        <phase duration="4" state="rrrrrrryrrr"/>
        <phase duration="31" state="GrrrrrrrGGG"/>
        <phase duration="4" state="yrrrrrrryyy"/>
    </tlLogic>
    <tlLogic id="-29116" type="static" programID="1" offset="0">
        <phase duration="31" state="GGGGGGGGgrrrr"/>
        <phase duration="4" state="yyyyyyyygrrrr"/>
        <phase duration="6" state="rrrrrrrrGrrrr"/>
        <phase duration="4" state="rrrrrrrryrrrr"/>
        <phase duration="31" state="GrrrrrrrrGGGG"/>
        <phase duration="4" state="yrrrrrrrryyyy"/>
    </tlLogic>
    <tlLogic id="-29288" type="static" programID="1" offset="0">
        <phase duration="31" state="GGGGgrrrGGGgrrr"/>
        <phase duration="4" state="yyyygrrryyygrrr"/>
        <phase duration="6" state="rrrrGrrrrrrGrrr"/>
        <phase duration="4" state="rrrryrrrrrryrrr"/>
        <phase duration="31" state="rrrrrGGgrrrrGGg"/>
        <phase duration="4" state="rrrrryygrrrryyg"/>
        <phase duration="6" state="rrrrrrrGrrrrrrG"/>
        <phase duration="4" state="rrrrrrryrrrrrry"/>
    </tlLogic>
    <tlLogic id="-29460" type="static" programID="1" offset="0">
        <phase duration="31" state="GGGGGGGggrrr"/>
        <phase duration="4" state="yyyyyyyggrrr"/>
        <phase duration="6" state="rrrrrrrGGrrr"/>
        <phase duration="4" state="rrrrrrryyrrr"/>
        <phase duration="31" state="GrrrrrrrrGGG"/>
        <phase duration="4" state="yrrrrrrrryyy"/>
    </tlLogic>
    <tlLogic id="-29532" type="static" programID="1" offset="0">
        <phase duration="31" state="GGgrrGGG"/>
        <phase duration="6" state="yygrryyy"/>
        <phase duration="6" state="rrGrrrrr"/>
        <phase duration="6" state="rryrrrrr"/>
        <phase duration="31" state="rrrGGGrr"/>
        <phase duration="6" state="rrryyyrr"/>
    </tlLogic>
    <tlLogic id="-29558" type="static" programID="1" offset="0">
        <phase duration="31" state="rrrrGGGgrrrGGGG"/>
        <phase duration="4" state="rrrryyygrrryyyy"/>
        <phase duration="6" state="rrrrrrrGrrrrrrr"/>
        <phase duration="4" state="rrrrrrryrrrrrrr"/>
        <phase duration="31" state="GGGGrrrrgggGrrr"/>
        <phase duration="4" state="yyyyrrrrgggyrrr"/>
        <phase duration="6" state="rrrrrrrrGGGrrrr"/>
        <phase duration="4" state="rrrrrrrryyyrrrr"/>
    </tlLogic>
    <tlLogic id="-29900" type="static" programID="1" offset="0">
        <phase duration="31" state="GGggrrrrrrrGGGGG"/>
        <phase duration="4" state="yyggrrrrrrryyyyy"/>
        <phase duration="6" state="rrGGrrrrrrrrrrrr"/>
        <phase duration="4" state="rryyrrrrrrrrrrrr"/>
        <phase duration="31" state="rrrrGGGGgggrrrrr"/>
        <phase duration="4" state="rrrryyyygggrrrrr"/>
        <phase duration="6" state="rrrrrrrrGGGrrrrr"/>
        <phase duration="4" state="rrrrrrrryyyrrrrr"/>
    </tlLogic>
    <tlLogic id="-29958" type="static" programID="1" offset="0">
        <phase duration="31" state="rrrGgGGG"/>
        <phase duration="6" state="rrrygyyy"/>
        <phase duration="6" state="rrrrGrrr"/>
        <phase duration="6" state="rrrryrrr"/>
        <phase duration="31" state="GGGGrrrr"/>
        <phase duration="6" state="yyyyrrrr"/>
    </tlLogic>
    <tlLogic id="-29988" type="static" programID="1" offset="0">
        <phase duration="31" state="GGGGrrrrGGGg"/>
        <phase duration="4" state="yyyyrrrryyyg"/>
        <phase duration="6" state="rrrrrrrrrrrG"/>
        <phase duration="4" state="rrrrrrrrrrry"/>
        <phase duration="31" state="rrrrGGGGrrrr"/>
        <phase duration="4" state="rrrryyyyrrrr"/>
    </tlLogic>
    <tlLogic id="-30132" type="static" programID="1" offset="0">
        <phase duration="31" state="rrrgGGgrrrGGGg"/>
        <phase duration="6" state="rrrgyygrrryyyg"/>
        <phase duration="6" state="rrrGrrGrrrrrrG"/>
        <phase duration="6" state="rrryrryrrrrrry"/>
        <phase duration="31" state="GGgrrrrGGgrrrr"/>
        <phase duration="6" state="yygrrrryygrrrr"/>
        <phase duration="6" state="rrGrrrrrrGrrrr"/>
        <phase duration="6" state="rryrrrrrryrrrr"/>
    </tlLogic>
    <tlLogic id="-3054" type="static" programID="1" offset="0">
        <phase duration="31" state="GGGGGGGggrrr"/>
        <phase duration="4" state="yyyyyyyggrrr"/>
        <phase duration="6" state="rrrrrrrGGrrr"/>
        <phase duration="4" state="rrrrrrryyrrr"/>
        <phase duration="31" state="GrrrrrrrrGGG"/>
        <phase duration="4" state="yrrrrrrrryyy"/>
    </tlLogic>
    <tlLogic id="-3100" type="static" programID="1" offset="0">
        <phase duration="31" state="GGGgrrrGGGG"/>
        <phase duration="4" state="yyygrrryyyy"/>
        <phase duration="6" state="rrrGrrrrrrr"/>
        <phase duration="4" state="rrryrrrrrrr"/>
        <phase duration="31" state="rrrrGGGGrrr"/>
        <phase duration="4" state="rrrryyyyrrr"/>
    </tlLogic>
    <tlLogic id="-3120" type="static" programID="1" offset="0">
        <phase duration="31" state="GGGGrrrrGGGg"/>
        <phase duration="4" state="yyyyrrrryyyg"/>
        <phase duration="6" state="rrrrrrrrrrrG"/>
        <phase duration="4" state="rrrrrrrrrrry"/>
        <phase duration="31" state="rrrrGGGGrrrr"/>
        <phase duration="4" state="rrrryyyyrrrr"/>
    </tlLogic>
    <tlLogic id="-346" type="static" programID="1" offset="0">
        <phase duration="31" state="GGGGGG"/>
        <phase duration="4" state="yyyyyy"/>
        <phase duration="31" state="GGGGGG"/>
        <phase duration="4" state="yyyyyy"/>
    </tlLogic>
    <tlLogic id="-3976" type="static" programID="1" offset="0">
        <phase duration="31" state="GGGgrrGGGGrrr"/>
        <phase duration="4" state="yyygrryyyyrrr"/>
        <phase duration="6" state="rrrGrrrrrrrrr"/>
        <phase duration="4" state="rrryrrrrrrrrr"/>
        <phase duration="31" state="rrrrGgrrrrGGg"/>
        <phase duration="4" state="rrrrygrrrryyg"/>
        <phase duration="6" state="rrrrrGrrrrrrG"/>
        <phase duration="4" state="rrrrryrrrrrry"/>
    </tlLogic>
    <tlLogic id="-4004" type="static" programID="1" offset="0">
        <phase duration="31" state="rrGGGGGg"/>
        <phase duration="6" state="rryyyyyg"/>
        <phase duration="6" state="rrrrrrrG"/>
        <phase duration="6" state="rrrrrrry"/>
        <phase duration="31" state="GGGrrrrr"/>
        <phase duration="6" state="yyyrrrrr"/>
    </tlLogic>
    <tlLogic id="-4176" type="static" programID="1" offset="0">
        <phase duration="31" state="rrGGGrrGGG"/>
        <phase duration="4" state="rryyyrryyy"/>
        <phase duration="31" state="GgrrrGgrrr"/>
        <phase duration="4" state="ygrrrygrrr"/>
        <phase duration="6" state="rGrrrrGrrr"/>
        <phase duration="4" state="ryrrrryrrr"/>
    </tlLogic>
    <tlLogic id="-4214" type="static" programID="1" offset="0">
        <phase duration="31" state="rrrrrrGGGGrrrrGGGgrr"/>
        <phase duration="4" state="rrrrrryyyyrrrryyygrr"/>
        <phase duration="6" state="rrrrrrrrrrrrrrrrrGrr"/>
        <phase duration="4" state="rrrrrrrrrrrrrrrrryrr"/>
        <phase duration="31" state="GGGGGgrrrrGGggrrrrrr"/>
        <phase duration="4" state="yyyyygrrrryyggrrrrrr"/>
        <phase duration="6" state="rrrrrGrrrrrrGGrrrrrr"/>
        <phase duration="4" state="rrrrryrrrrrryyrrrrrr"/>
        <phase duration="31" state="GrrrrrrrrrrrrrrrrrGG"/>
        <phase duration="4" state="yrrrrrrrrrrrrrrrrryy"/>
    </tlLogic>
    <tlLogic id="-4818" type="static" programID="1" offset="0">
        <phase duration="31" state="GGgrrGGG"/>
        <phase duration="6" state="yygrryyy"/>
        <phase duration="6" state="rrGrrrrr"/>
        <phase duration="6" state="rryrrrrr"/>
        <phase duration="31" state="rrrGGGrr"/>
        <phase duration="6" state="rrryyyrr"/>
    </tlLogic>
    <tlLogic id="-4948" type="static" programID="1" offset="0">
        <phase duration="31" state="GGGGgrrrGGGGgrrr"/>
        <phase duration="4" state="yyyygrrryyyygrrr"/>
        <phase duration="6" state="rrrrGrrrrrrrGrrr"/>
        <phase duration="4" state="rrrryrrrrrrryrrr"/>
        <phase duration="31" state="rrrrrGGgrrrrrGGg"/>
        <phase duration="4" state="rrrrryygrrrrryyg"/>
        <phase duration="6" state="rrrrrrrGrrrrrrrG"/>
        <phase duration="4" state="rrrrrrryrrrrrrry"/>
    </tlLogic>
    <tlLogic id="-5126" type="static" programID="1" offset="0">
        <phase duration="31" state="GGgrrGGG"/>
        <phase duration="6" state="yygrryyy"/>
        <phase duration="6" state="rrGrrrrr"/>
        <phase duration="6" state="rryrrrrr"/>
        <phase duration="31" state="rrrGGGrr"/>
        <phase duration="6" state="rrryyyrr"/>
    </tlLogic>
    <tlLogic id="-5236" type="static" programID="1" offset="0">
        <phase duration="31" state="GGGGgrrrGGGGgrrrrr"/>
        <phase duration="4" state="yyyygrrryyyygrrrrr"/>
        <phase duration="6" state="rrrrGrrrrrrrGrrrrr"/>
        <phase duration="4" state="rrrryrrrrrrryrrrrr"/>
        <phase duration="31" state="rrrrrGGgGrrrrGGggg"/>
        <phase duration="4" state="rrrrryygyrrrryyggg"/>
        <phase duration="6" state="rrrrrrrGrrrrrrrGGG"/>
        <phase duration="4" state="rrrrrrryrrrrrrryyy"/>
    </tlLogic>
    <tlLogic id="-5422" type="static" programID="1" offset="0">
        <phase duration="31" state="GGGGgrrrGGGGgrrr"/>
        <phase duration="4" state="yyyygrrryyyygrrr"/>
        <phase duration="6" state="rrrrGrrrrrrrGrrr"/>
        <phase duration="4" state="rrrryrrrrrrryrrr"/>
        <phase duration="31" state="rrrrrGGgrrrrrGGg"/>
        <phase duration="4" state="rrrrryygrrrrryyg"/>
        <phase duration="6" state="rrrrrrrGrrrrrrrG"/>
        <phase duration="4" state="rrrrrrryrrrrrrry"/>
    </tlLogic>
    <tlLogic id="-5428" type="static" programID="1" offset="0">
        <phase duration="31" state="GGGGgggrrrrrrrrrrrrrrrrrrrGGGGGGggrrrrrrrrrrrr"/>
        <phase duration="4" state="yyyygggrrrrrrrrrrrrrrrrrrryyyyyyggrrrrrrrrrrrr"/>
        <phase duration="6" state="rrrrGGGrrrrrrrrrrrrrrrrrrrrrrrrrGGrrrrrrrrrrrr"/>
        <phase duration="4" state="rrrryyyrrrrrrrrrrrrrrrrrrrrrrrrryyrrrrrrrrrrrr"/>
        <phase duration="31" state="rrrrrrrrrrrrrGGGGgggrrrrrrrrrrrrrrrrrrrrGGGGgg"/>
        <phase duration="4" state="rrrrrrrrrrrrryyyygggrrrrrrrrrrrrrrrrrrrryyyygg"/>
        <phase duration="6" state="rrrrrrrrrrrrrrrrrGGGrrrrrrrrrrrrrrrrrrrrrrrrGG"/>
        <phase duration="4" state="rrrrrrrrrrrrrrrrryyyrrrrrrrrrrrrrrrrrrrrrrrryy"/>
        <phase duration="31" state="rrrrrrrGGGgggrrrrrrrrrrrrrrrrrrrrrGGGGggrrrrrr"/>
        <phase duration="4" state="rrrrrrryyygggrrrrrrrrrrrrrrrrrrrrryyyyggrrrrrr"/>
        <phase duration="6" state="rrrrrrrrrrGGGrrrrrrrrrrrrrrrrrrrrrrrrrGGrrrrrr"/>
        <phase duration="4" state="rrrrrrrrrryyyrrrrrrrrrrrrrrrrrrrrrrrrryyrrrrrr"/>
        <phase duration="31" state="rrrrrrrrrrrrrrrrrrrrGGGGGGGrrrrrrrrrrrrrrrrrrr"/>
        <phase duration="4" state="rrrrrrrrrrrrrrrrrrrryyyyyyyrrrrrrrrrrrrrrrrrrr"/>
    </tlLogic>
    <tlLogic id="-5432" type="static" programID="1" offset="0">
        <phase duration="31" state="GGgrrGGG"/>
        <phase duration="4" state="yygrryyy"/>
        <phase duration="6" state="rrGrrrrr"/>
        <phase duration="4" state="rryrrrrr"/>
        <phase duration="31" state="rrrGGGrr"/>
        <phase duration="4" state="rrryyyrr"/>
    </tlLogic>
    <tlLogic id="-5462" type="static" programID="1" offset="0">
        <phase duration="31" state="GGGgrrrGGGgrrr"/>
        <phase duration="6" state="yyygrrryyygrrr"/>
        <phase duration="6" state="rrrGrrrrrrGrrr"/>
        <phase duration="6" state="rrryrrrrrryrrr"/>
        <phase duration="31" state="rrrrGGgrrrrGGg"/>
        <phase duration="6" state="rrrryygrrrryyg"/>
        <phase duration="6" state="rrrrrrGrrrrrrG"/>
        <phase duration="6" state="rrrrrryrrrrrry"/>
    </tlLogic>
    <tlLogic id="-5554" type="static" programID="1" offset="0">
        <phase duration="31" state="GGGGrrrrGGGg"/>
        <phase duration="4" state="yyyyrrrryyyg"/>
        <phase duration="6" state="rrrrrrrrrrrG"/>
        <phase duration="4" state="rrrrrrrrrrry"/>
        <phase duration="31" state="rrrrGGGGrrrr"/>
        <phase duration="4" state="rrrryyyyrrrr"/>
    </tlLogic>
    <tlLogic id="-5594" type="static" programID="1" offset="0">
        <phase duration="31" state="rrrrGGGgGGGG"/>
        <phase duration="4" state="rrrryyygyyyy"/>
        <phase duration="6" state="rrrrrrrGrrrr"/>
        <phase duration="4" state="rrrrrrryrrrr"/>
        <phase duration="31" state="GGGGrrrrrrrr"/>
        <phase duration="4" state="yyyyrrrrrrrr"/>
    </tlLogic>
    <tlLogic id="-5704" type="static" programID="1" offset="0">
        <phase duration="31" state="GGGGGGGgrrr"/>
        <phase duration="4" state="yyyyyyygrrr"/>
        <phase duration="6" state="rrrrrrrGrrr"/>
        <phase duration="4" state="rrrrrrryrrr"/>
        <phase duration="31" state="GrrrrrrrGGG"/>
        <phase duration="4" state="yrrrrrrryyy"/>
    </tlLogic>
    <tlLogic id="-5846" type="static" programID="1" offset="0">
        <phase duration="31" state="GGGGGGGr"/>
        <phase duration="4" state="yyyyyyyr"/>
        <phase duration="31" state="rrrrGGGG"/>
        <phase duration="4" state="rrrryyyy"/>
    </tlLogic>
    <tlLogic id="-6114" type="static" programID="1" offset="0">
        <phase duration="31" state="GGGrrrggggrrr"/>
        <phase duration="6" state="yyyrrrggggrrr"/>
        <phase duration="6" state="rrrrrrGGGGrrr"/>
        <phase duration="6" state="rrrrrryyyyrrr"/>
        <phase duration="31" state="rrrgggrrrrGGG"/>
        <phase duration="6" state="rrrgggrrrryyy"/>
        <phase duration="6" state="rrrGGGrrrrrrr"/>
        <phase duration="6" state="rrryyyrrrrrrr"/>
    </tlLogic>
    <tlLogic id="-6574" type="static" programID="1" offset="0">
        <phase duration="31" state="GGGGgrrrGGGGgrrr"/>
        <phase duration="4" state="yyyygrrryyyygrrr"/>
        <phase duration="6" state="rrrrGrrrrrrrGrrr"/>
        <phase duration="4" state="rrrryrrrrrrryrrr"/>
        <phase duration="31" state="rrrrrGGgrrrrrGGg"/>
        <phase duration="4" state="rrrrryygrrrrryyg"/>
        <phase duration="6" state="rrrrrrrGrrrrrrrG"/>
        <phase duration="4" state="rrrrrrryrrrrrrry"/>
    </tlLogic>
    <tlLogic id="-6622" type="static" programID="1" offset="0">
        <phase duration="31" state="GGGGGGGgrrr"/>
        <phase duration="4" state="yyyyyyygrrr"/>
        <phase duration="6" state="rrrrrrrGrrr"/>
        <phase duration="4" state="rrrrrrryrrr"/>
        <phase duration="31" state="GrrrrrrrGGG"/>
        <phase duration="4" state="yrrrrrrryyy"/>
    </tlLogic>
    <tlLogic id="-7124" type="static" programID="1" offset="0">
        <phase duration="31" state="GGGGGrr"/>
        <phase duration="4" state="yyyyyrr"/>
        <phase duration="31" state="GGrrrGG"/>
        <phase duration="4" state="yyrrryy"/>
    </tlLogic>
    <tlLogic id="-7298" type="static" programID="1" offset="0">
        <phase duration="31" state="rrGGGGGg"/>
        <phase duration="6" state="rryyyyyg"/>
        <phase duration="6" state="rrrrrrrG"/>
        <phase duration="6" state="rrrrrrry"/>
        <phase duration="31" state="GGGrrrrr"/>
        <phase duration="6" state="yyyrrrrr"/>
    </tlLogic>
    <tlLogic id="-778" type="static" programID="1" offset="0">
        <phase duration="31" state="GGgrrGGG"/>
        <phase duration="6" state="yygrryyy"/>
        <phase duration="6" state="rrGrrrrr"/>
        <phase duration="6" state="rryrrrrr"/>
        <phase duration="31" state="rrrGGGrr"/>
        <phase duration="6" state="rrryyyrr"/>
    </tlLogic>
    <tlLogic id="-78" type="static" programID="1" offset="0">
        <phase duration="31" state="GGGGGG"/>
        <phase duration="4" state="yyyyyy"/>
        <phase duration="31" state="GGGGGG"/>
        <phase duration="4" state="yyyyyy"/>
    </tlLogic>
    <tlLogic id="-7854" type="static" programID="1" offset="0">
        <phase duration="31" state="rrGGGG"/>
        <phase duration="6" state="rryyyy"/>
        <phase duration="31" state="GGrrrr"/>
        <phase duration="6" state="yyrrrr"/>
    </tlLogic>
    <tlLogic id="-7898" type="static" programID="1" offset="0">
        <phase duration="31" state="GGgrrGGG"/>
        <phase duration="4" state="yygrryyy"/>
        <phase duration="6" state="rrGrrrrr"/>
        <phase duration="4" state="rryrrrrr"/>
        <phase duration="31" state="rrrGGGrr"/>
        <phase duration="4" state="rrryyyrr"/>
    </tlLogic>
    <tlLogic id="-7912" type="static" programID="1" offset="0">
        <phase duration="31" state="GGGgrrrGGGG"/>
        <phase duration="4" state="yyygrrryyyy"/>
        <phase duration="6" state="rrrGrrrrrrr"/>
        <phase duration="4" state="rrryrrrrrrr"/>
        <phase duration="31" state="rrrrGGGGrrr"/>
        <phase duration="4" state="rrrryyyyrrr"/>
    </tlLogic>
    <tlLogic id="-8178" type="static" programID="1" offset="0">
        <phase duration="31" state="GGGGgrrrGGGGgrrr"/>
        <phase duration="4" state="yyyygrrryyyygrrr"/>
        <phase duration="6" state="rrrrGrrrrrrrGrrr"/>
        <phase duration="4" state="rrrryrrrrrrryrrr"/>
        <phase duration="31" state="GrrrrGGgrrrrrGGg"/>
        <phase duration="4" state="yrrrryygrrrrryyg"/>
        <phase duration="6" state="rrrrrrrGrrrrrrrG"/>
        <phase duration="4" state="rrrrrrryrrrrrrry"/>
    </tlLogic>
    <tlLogic id="-8224" type="static" programID="1" offset="0">
        <phase duration="31" state="GGGGrrrGGGgrr"/>
        <phase duration="4" state="yyyyrrryyygrr"/>
        <phase duration="6" state="rrrrrrrrrrGrr"/>
        <phase duration="4" state="rrrrrrrrrryrr"/>
        <phase duration="31" state="rrrrGGgrrrrGg"/>
        <phase duration="4" state="rrrryygrrrryg"/>
        <phase duration="6" state="rrrrrrGrrrrrG"/>
        <phase duration="4" state="rrrrrryrrrrry"/>
    </tlLogic>
    <tlLogic id="-824" type="static" programID="1" offset="0">
        <phase duration="31" state="GGGGgrrrGGGGgrrr"/>
        <phase duration="4" state="yyyygrrryyyygrrr"/>
        <phase duration="6" state="rrrrGrrrrrrrGrrr"/>
        <phase duration="4" state="rrrryrrrrrrryrrr"/>
        <phase duration="31" state="GrrrrGGgGrrrrGGg"/>
        <phase duration="4" state="yrrrryygyrrrryyg"/>
        <phase duration="6" state="rrrrrrrGrrrrrrrG"/>
        <phase duration="4" state="rrrrrrryrrrrrrry"/>
    </tlLogic>
    <tlLogic id="-8358" type="static" programID="1" offset="0">
        <phase duration="31" state="GGGGGGGGGrr"/>
        <phase duration="4" state="yyyyyyyyyrr"/>
        <phase duration="31" state="rrrrrrGGGGG"/>
        <phase duration="4" state="rrrrrryyyyy"/>
    </tlLogic>
    <tlLogic id="-8396" type="static" programID="1" offset="0">
        <phase duration="31" state="rrrGGGGGGGg"/>
        <phase duration="4" state="rrryyyyyyyg"/>
        <phase duration="6" state="rrrrrrrrrrG"/>
        <phase duration="4" state="rrrrrrrrrry"/>
        <phase duration="31" state="GGGGrrrrrrr"/>
        <phase duration="4" state="yyyyrrrrrrr"/>
    </tlLogic>
    <tlLogic id="-8474" type="static" programID="1" offset="0">
        <phase duration="31" state="GGgrrGGG"/>
        <phase duration="6" state="yygrryyy"/>
        <phase duration="6" state="rrGrrrrr"/>
        <phase duration="6" state="rryrrrrr"/>
        <phase duration="31" state="rrrGGGrr"/>
        <phase duration="6" state="rrryyyrr"/>
    </tlLogic>
    <tlLogic id="-8604" type="static" programID="1" offset="0">
        <phase duration="31" state="GGGGGGGgrrr"/>
        <phase duration="4" state="yyyyyyygrrr"/>
        <phase duration="6" state="rrrrrrrGrrr"/>
        <phase duration="4" state="rrrrrrryrrr"/>
        <phase duration="31" state="GrrrrrrrGGG"/>
        <phase duration="4" state="yrrrrrrryyy"/>
    </tlLogic>
    <tlLogic id="-8670" type="static" programID="1" offset="0">
        <phase duration="31" state="GGGGrrrrGGGg"/>
        <phase duration="4" state="yyyyrrrryyyg"/>
        <phase duration="6" state="rrrrrrrrrrrG"/>
        <phase duration="4" state="rrrrrrrrrrry"/>
        <phase duration="31" state="rrrrGGGGrrrr"/>
        <phase duration="4" state="rrrryyyyrrrr"/>
    </tlLogic>
    <tlLogic id="-8706" type="static" programID="1" offset="0">
        <phase duration="31" state="GGGGGGGggrrr"/>
        <phase duration="4" state="yyyyyyyggrrr"/>
        <phase duration="6" state="rrrrrrrGGrrr"/>
        <phase duration="4" state="rrrrrrryyrrr"/>
        <phase duration="31" state="GrrrrrrrrGGG"/>
        <phase duration="4" state="yrrrrrrrryyy"/>
    </tlLogic>
    <tlLogic id="-8778" type="static" programID="1" offset="0">
        <phase duration="31" state="GGGgrrrGGGG"/>
        <phase duration="4" state="yyygrrryyyy"/>
        <phase duration="6" state="rrrGrrrrrrr"/>
        <phase duration="4" state="rrryrrrrrrr"/>
        <phase duration="31" state="rrrrGGGGrrr"/>
        <phase duration="4" state="rrrryyyyrrr"/>
    </tlLogic>
    <tlLogic id="-8782" type="static" programID="1" offset="0">
        <phase duration="31" state="GGGGgrrrGGGGgrrr"/>
        <phase duration="4" state="yyyygrrryyyygrrr"/>
        <phase duration="6" state="rrrrGrrrrrrrGrrr"/>
        <phase duration="4" state="rrrryrrrrrrryrrr"/>
        <phase duration="31" state="GrrrrGGgGrrrrGGg"/>
        <phase duration="4" state="yrrrryygyrrrryyg"/>
        <phase duration="6" state="rrrrrrrGrrrrrrrG"/>
        <phase duration="4" state="rrrrrrryrrrrrrry"/>
    </tlLogic>
    <tlLogic id="-9144" type="static" programID="1" offset="0">
        <phase duration="31" state="GGGGGGGr"/>
        <phase duration="4" state="yyyyyyyr"/>
        <phase duration="31" state="GrrrGGGG"/>
        <phase duration="4" state="yrrryyyy"/>
    </tlLogic>
    <tlLogic id="-9194" type="static" programID="1" offset="0">
        <phase duration="31" state="GGGggrrrGGGG"/>
        <phase duration="4" state="yyyggrrryyyy"/>
        <phase duration="6" state="rrrGGrrrrrrr"/>
        <phase duration="4" state="rrryyrrrrrrr"/>
        <phase duration="31" state="rrrrrGGGGrrr"/>
        <phase duration="4" state="rrrrryyyyrrr"/>
    </tlLogic>
    <tlLogic id="-9224" type="static" programID="1" offset="0">
        <phase duration="31" state="GGgrrGGG"/>
        <phase duration="6" state="yygrryyy"/>
        <phase duration="6" state="rrGrrrrr"/>
        <phase duration="6" state="rryrrrrr"/>
        <phase duration="31" state="rrrGGGrr"/>
        <phase duration="6" state="rrryyyrr"/>
    </tlLogic>
    <tlLogic id="-9490" type="static" programID="1" offset="0">
        <phase duration="31" state="rrGGGGGg"/>
        <phase duration="4" state="rryyyyyg"/>
        <phase duration="6" state="rrrrrrrG"/>
        <phase duration="4" state="rrrrrrry"/>
        <phase duration="31" state="GGGrrrrr"/>
        <phase duration="4" state="yyyrrrrr"/>
    </tlLogic>
    <tlLogic id="-9752" type="static" programID="1" offset="0">
        <phase duration="31" state="GGGgrrrGGGG"/>
        <phase duration="4" state="yyygrrryyyy"/>
        <phase duration="6" state="rrrGrrrrrrr"/>
        <phase duration="4" state="rrryrrrrrrr"/>
        <phase duration="31" state="rrrrGGGGrrr"/>
        <phase duration="4" state="rrrryyyyrrr"/>
    </tlLogic>
    <tlLogic id="joinedS_0" type="static" programID="1" offset="0">
        <phase duration="31" state="GGGGgrrrGGGGgrrrrr"/>
        <phase duration="4" state="yyyygrrryyyygrrrrr"/>
        <phase duration="6" state="rrrrGrrrrrrrGrrrrr"/>
        <phase duration="4" state="rrrryrrrrrrryrrrrr"/>
        <phase duration="39" state="rrrrrgggrrrrrgggrr"/>
        <phase duration="6" state="rrrrrGGGrrrrrGGGrr"/>
        <phase duration="4" state="rrrrryyyrrrrryyyrr"/>
        <phase duration="31" state="rrrrrrrrrrrrrrrrGG"/>
        <phase duration="4" state="rrrrrrrrrrrrrrrryy"/>
    </tlLogic>
    <tlLogic id="joinedS_1" type="static" programID="1" offset="0">
        <phase duration="39" state="ggggrrrggg"/>
        <phase duration="6" state="GGGGrrrGGG"/>
        <phase duration="4" state="yyyyrrryyy"/>
        <phase duration="31" state="GrrrGGGrrr"/>
        <phase duration="4" state="yrrryyyrrr"/>
    </tlLogic>
  </tlLogics>
</additional>
